title,slug,old_url,excerpt,featured_image_url,published_at,seo_title,seo_description,status
"Who Will Pay for Your Digital Health Product? CMS Just Answered.","who-will-pay-for-your-digital-health-product-cms-just-answered","https://www.acquirenowhq.com/blog/who-will-pay-for-your-digital-health-product-cms-just-answered","Fractional marketing leadership for healthcare, B2B SaaS, AI, and fintech startups. Get strategic direction plus execution without full-time hiring costs. AcquireNow delivers proven marketing expertise that accelerates growth for early-stage companies.","https://framerusercontent.com/images/jpGc6cEsnyVhHlPqAbIEWNm1vU.png?width=1200&height=630","Feb 13, 2026","Who Will Pay for Your Digital Health Product? CMS Just Answered. - AcquireNow I A New Model For Growth","Fractional marketing leadership for healthcare, B2B SaaS, AI, and fintech startups. Get strategic direction plus execution without full-time hiring costs. AcquireNow delivers proven marketing expertise that accelerates growth for early-stage companies.","published"
"Founder-Led Sales: The Path to Product-Market Fit","founder-led-sales-the-path-to-product-market-fit","https://www.acquirenowhq.com/blog/founder-led-sales-the-path-to-product-market-fit","Fractional marketing leadership for healthcare, B2B SaaS, AI, and fintech startups. Get strategic direction plus execution without full-time hiring costs. AcquireNow delivers proven marketing expertise that accelerates growth for early-stage companies.","https://framerusercontent.com/images/DZBCW8qFBlYhDqTJ8rVSEWE.png?width=1200&height=630","Jan 22, 2026","Founder-Led Sales: The Path to Product-Market Fit - AcquireNow I A New Model For Growth","Fractional marketing leadership for healthcare, B2B SaaS, AI, and fintech startups. Get strategic direction plus execution without full-time hiring costs. AcquireNow delivers proven marketing expertise that accelerates growth for early-stage companies.","published"
"The Clarity Framework: Your Path from Traction to GTM-Fit","the-clarity-framework-your-path-from-traction-to-gtm-fit","https://www.acquirenowhq.com/blog/the-clarity-framework-your-path-from-traction-to-gtm-fit","Fractional marketing leadership for healthcare, B2B SaaS, AI, and fintech startups. Get strategic direction plus execution without full-time hiring costs. AcquireNow delivers proven marketing expertise that accelerates growth for early-stage companies.","https://framerusercontent.com/images/gGzxlmrLQ10PAKoorricmDSor6Y.png?width=1200&height=630","Nov 7, 2025","The Clarity Framework: Your Path from Traction to GTM-Fit - AcquireNow I A New Model For Growth","Fractional marketing leadership for healthcare, B2B SaaS, AI, and fintech startups. Get strategic direction plus execution without full-time hiring costs. AcquireNow delivers proven marketing expertise that accelerates growth for early-stage companies.","published"
"The Clarity Mandate: Healthtech 2025 Demands Proof Over Promise","the-clarity-mandate-healthtech-2025-demands-proof-over-promise","https://www.acquirenowhq.com/blog/the-clarity-mandate-healthtech-2025-demands-proof-over-promise","Fractional marketing leadership for healthcare, B2B SaaS, AI, and fintech startups. Get strategic direction plus execution without full-time hiring costs. AcquireNow delivers proven marketing expertise that accelerates growth for early-stage companies.","https://framerusercontent.com/images/QVuGx3W0JmDBzjBWPVVuMYstSs.png?width=1200&height=630","Nov 5, 2025","The Clarity Mandate: Healthtech 2025 Demands Proof Over Promise - AcquireNow I A New Model For Growth","Fractional marketing leadership for healthcare, B2B SaaS, AI, and fintech startups. Get strategic direction plus execution without full-time hiring costs. AcquireNow delivers proven marketing expertise that accelerates growth for early-stage companies.","published"
"The Go-To-Market Credibility Gap","the-gtm-credibility-gap","https://www.acquirenowhq.com/blog/the-gtm-credibility-gap","Fractional marketing leadership for healthcare, B2B SaaS, AI, and fintech startups. Get strategic direction plus execution without full-time hiring costs. AcquireNow delivers proven marketing expertise that accelerates growth for early-stage companies.","https://framerusercontent.com/images/QBC2qKu0ktkTAWqk00RxPmdW8Yc.png?width=1200&height=630","Sep 24, 2025","The Go-To-Market Credibility Gap - AcquireNow I A New Model For Growth","Fractional marketing leadership for healthcare, B2B SaaS, AI, and fintech startups. Get strategic direction plus execution without full-time hiring costs. AcquireNow delivers proven marketing expertise that accelerates growth for early-stage companies.","published"
"Maximum Impact, Minimum Noise: Tapping Reddit's High-Intent Audience for B2B Growth.","reddit-b2b-high-intent-growth","https://www.acquirenowhq.com/blog/reddit-b2b-high-intent-growth","Fractional marketing leadership for healthcare, B2B SaaS, AI, and fintech startups. Get strategic direction plus execution without full-time hiring costs. AcquireNow delivers proven marketing expertise that accelerates growth for early-stage companies.","https://framerusercontent.com/images/DhRLDNS665vMwT6a5pa9mQAZqk.png?width=1200&height=630","Jul 17, 2025","Maximum Impact, Minimum Noise: Tapping Reddit's High-Intent Audience for B2B Growth. - AcquireNow I A New Model For Growth","Fractional marketing leadership for healthcare, B2B SaaS, AI, and fintech startups. Get strategic direction plus execution without full-time hiring costs. AcquireNow delivers proven marketing expertise that accelerates growth for early-stage companies.","published"
"From DTC to Doctor-Led: How a B2B2C Pivot Unlocked the Baby Boomer Market and a Strategic Exit","dtc-to-b2b2c-strategic-exit","https://www.acquirenowhq.com/blog/dtc-to-b2b2c-strategic-exit","Fractional marketing leadership for healthcare, B2B SaaS, AI, and fintech startups. Get strategic direction plus execution without full-time hiring costs. AcquireNow delivers proven marketing expertise that accelerates growth for early-stage companies.","https://framerusercontent.com/images/x60daNw7cAoi8Ftwu2PoLWiqVYo.png?width=1200&height=630","Jan 8, 2025","From DTC to Doctor-Led: How a B2B2C Pivot Unlocked the Baby Boomer Market and a Strategic Exit - AcquireNow I A New Model For Growth","Fractional marketing leadership for healthcare, B2B SaaS, AI, and fintech startups. Get strategic direction plus execution without full-time hiring costs. AcquireNow delivers proven marketing expertise that accelerates growth for early-stage companies.","published"
"Sales Narratives That Create Urgency: The 4-Step Framework Every Founder Needs","sales-narratives-create-urgency","https://www.acquirenowhq.com/blog/sales-narratives-create-urgency","Fractional marketing leadership for healthcare, B2B SaaS, AI, and fintech startups. Get strategic direction plus execution without full-time hiring costs. AcquireNow delivers proven marketing expertise that accelerates growth for early-stage companies.","https://framerusercontent.com/images/TVbGGctZwoiPCfl5XBp3Hzno.png?width=1200&height=630","Oct 6, 2025","Sales Narratives That Create Urgency: The 4-Step Framework Every Founder Needs - AcquireNow I A New Model For Growth","Fractional marketing leadership for healthcare, B2B SaaS, AI, and fintech startups. Get strategic direction plus execution without full-time hiring costs. AcquireNow delivers proven marketing expertise that accelerates growth for early-stage companies.","published"
"From Service Revenue to SaaS Foundation","service-revenue-to-repeatable-sass","https://www.acquirenowhq.com/blog/service-revenue-to-repeatable-sass","Fractional marketing leadership for healthcare, B2B SaaS, AI, and fintech startups. Get strategic direction plus execution without full-time hiring costs. AcquireNow delivers proven marketing expertise that accelerates growth for early-stage companies.","https://framerusercontent.com/images/KffxLBpHPMFSrj3i9aiggIVuE.png?width=1200&height=630","Sep 30, 2025","From Service Revenue to SaaS Foundation - AcquireNow I A New Model For Growth","Fractional marketing leadership for healthcare, B2B SaaS, AI, and fintech startups. Get strategic direction plus execution without full-time hiring costs. AcquireNow delivers proven marketing expertise that accelerates growth for early-stage companies.","published"
"How to Simplify Complex Narratives Without Losing Depth","simplify-complex-narratives","https://www.acquirenowhq.com/blog/simplify-complex-narratives","Fractional marketing leadership for healthcare, B2B SaaS, AI, and fintech startups. Get strategic direction plus execution without full-time hiring costs. AcquireNow delivers proven marketing expertise that accelerates growth for early-stage companies.","https://framerusercontent.com/images/XkjIJoWGsf8KCuPGEsrEEYRiA.png?width=1200&height=630","Mar 31, 2025","How to Simplify Complex Narratives Without Losing Depth - AcquireNow I A New Model For Growth","Fractional marketing leadership for healthcare, B2B SaaS, AI, and fintech startups. Get strategic direction plus execution without full-time hiring costs. AcquireNow delivers proven marketing expertise that accelerates growth for early-stage companies.","published"
"From Product to Market-Ready: Building a Commercialization Strategy for Point-of-Care Diagnostics","point-of-care-gtm-strategy","https://www.acquirenowhq.com/blog/point-of-care-gtm-strategy","Fractional marketing leadership for healthcare, B2B SaaS, AI, and fintech startups. Get strategic direction plus execution without full-time hiring costs. AcquireNow delivers proven marketing expertise that accelerates growth for early-stage companies.","https://framerusercontent.com/images/AHZVomS8QZZHCmosR0gqMKh1iZA.png?width=1200&height=630","Feb 8, 2025","From Product to Market-Ready: Building a Commercialization Strategy for Point-of-Care Diagnostics - AcquireNow I A New Model For Growth","Fractional marketing leadership for healthcare, B2B SaaS, AI, and fintech startups. Get strategic direction plus execution without full-time hiring costs. AcquireNow delivers proven marketing expertise that accelerates growth for early-stage companies.","published"